Title,Price (₹),Rating,Availability
A Light in the Attic,₹5539.39,Three,In stock
Tipping the Velvet,₹5750.18,One,In stock
Soumission,₹5360.7,One,In stock
Sharp Objects,₹5116.74,Four,In stock
Sapiens: A Brief History of Humankind,₹5802.61,Five,In stock
The Requiem Red,₹2423.5499999999997,One,In stock
The Dirty Little Secrets of Getting Your Dream Job,₹3567.3800000000006,Four,In stock
"The Coming Woman: A Novel Based on the Life of the Infamous Feminist, Victoria Woodhull",₹1918.51,Three,In stock
The Boys in the Boat: Nine Americans and Their Epic Quest for Gold at the 1936 Berlin Olympics,₹2418.2000000000003,Four,In stock
The Black Maria,₹5580.05,One,In stock
"Starving Hearts (Triangular Trade Trilogy, #1)",₹1496.93,Two,In stock
Shakespeare's Sonnets,₹2210.62,Four,In stock
Set Me Free,₹1868.22,Five,In stock
Scott Pilgrim's Precious Little Life (Scott Pilgrim #1),₹5595.03,Five,In stock
Rip it Up and Start Again,₹3747.1400000000003,Five,In stock
"Our Band Could Be Your Life: Scenes from the American Indie Underground, 1981-1991",₹6125.75,Three,In stock
Olio,₹2555.16,One,In stock
Mesaerion: The Best Science Fiction Stories 1800-1849,₹4022.1300000000006,One,In stock
Libertarianism for Beginners,₹5492.3099999999995,Two,In stock
It's Only the Himalayas,₹4833.1900000000005,Two,In stock
In Her Wake,₹1373.8799999999999,One,In stock
How Music Works,₹3993.2400000000002,Two,In stock
"Foolproof Preserving: A Guide to Small Batch Jams, Jellies, Pickles, Condiments, and More: A Foolproof Guide to Making Small Batch Jams, Jellies, Pickles, Condiments, and More",₹3265.64,Three,In stock
Chase Me (Paris Nights #2),₹2703.89,Five,In stock
Black Dust,₹3694.71,Five,In stock
Birdsong: A Story in Pictures,₹5846.4800000000005,Three,In stock
America's Cradle of Quarterbacks: Western Pennsylvania's Football Factory from Johnny Unitas to Joe Montana,₹2407.5,Three,In stock
Aladdin and His Wonderful Lamp,₹5684.91,Three,In stock
Worlds Elsewhere: Journeys Around Shakespeare’s Globe,₹4312.099999999999,Five,In stock
Wall and Piece,₹4727.26,Four,In stock
The Four Agreements: A Practical Guide to Personal Freedom,₹1889.6200000000001,Five,In stock
The Five Love Languages: How to Express Heartfelt Commitment to Your Mate,₹3322.35,Three,In stock
The Elephant Tree,₹2548.7400000000002,Five,In stock
The Bear and the Piano,₹3947.23,One,In stock
Sophie's World,₹1705.58,Five,In stock
Penny Maybe,₹3562.0299999999997,Three,In stock
Maude (1883-1993):She Grew Up with the country,₹1928.1399999999999,Two,In stock
"In a Dark, Dark Wood",₹2100.41,One,In stock
Behind Closed Doors,₹5587.54,Four,In stock
You can't bury them all: Poems,₹3598.4100000000003,Two,In stock
Slow States of Collapse: Poems,₹6132.17,Three,In stock
Reasons to Stay Alive,₹2825.87,Two,In stock
Private Paris (Private #10),₹5094.2699999999995,Five,In stock
#HigherSelfie: Wake Up Your Life. Free Your Soul. Find Your Tribe.,₹2472.77,Five,In stock
Without Borders (Wanderlove #1),₹4822.49,Two,In stock
When We Collided,₹3399.39,One,In stock
"We Love You, Charlie Freeman",₹5378.89,Five,In stock
Untitled Collection: Sabbath Poems 2014,₹1526.8899999999999,Four,In stock
"Unseen City: The Majesty of Pigeons, the Discreet Charm of Snails & Other Wonders of the Urban Wilderness",₹4727.26,Four,In stock
Unicorn Tracks,₹2009.46,Three,In stock
"Unbound: How Eight Technologies Made Us Human, Transformed Society, and Brought Our World to the Brink",₹2730.64,One,In stock
Tsubasa: WoRLD CHRoNiCLE 2 (Tsubasa WoRLD CHRoNiCLE #2),₹1741.96,One,In stock
Throwing Rocks at the Google Bus: How Growth Became the Enemy of Prosperity,₹3329.84,Three,In stock
This One Summer,₹2085.43,Four,In stock
Thirst,₹1847.8899999999999,Five,In stock
The Torch Is Passed: A Harding Family Story,₹2042.6299999999999,One,In stock
The Secret of Dreadwillow Carse,₹6005.91,One,In stock
"The Pioneer Woman Cooks: Dinnertime: Comfort Classics, Freezer Food, 16-Minute Meals, and Other Delicious Ways to Solve Supper!",₹6035.87,One,In stock
The Past Never Ends,₹6045.5,Four,In stock
The Natural History of Us (The Fine Art of Pretending #2),₹4838.54,Three,In stock
The Nameless City (The Nameless City #1),₹4083.1199999999994,Four,In stock
The Murder That Never Was (Forensic Instincts #5),₹5789.7699999999995,Three,In stock
The Most Perfect Thing: Inside (and Outside) a Bird's Egg,₹4596.72,Four,In stock
"The Mindfulness and Acceptance Workbook for Anxiety: A Guide to Breaking Free from Anxiety, Phobias, and Worry Using Acceptance and Commitment Therapy",₹2556.23,Four,In stock
The Life-Changing Magic of Tidying Up: The Japanese Art of Decluttering and Organizing,₹1794.3899999999999,Three,In stock
"The Inefficiency Assassin: Time Management Tactics for Working Smarter, Not Longer",₹2203.13,Five,In stock
The Gutsy Girl: Escapades for Your Life of Epic Adventure,₹3972.9100000000003,One,In stock
The Electric Pencil: Drawings from Inside State Hospital No. 3,₹5998.42,One,In stock
The Death of Humanity: and the Case for Life,₹6217.7699999999995,Four,In stock
"The Bulletproof Diet: Lose up to a Pound a Day, Reclaim Energy and Focus, Upgrade Your Life",₹5248.349999999999,Three,In stock
The Art Forger,₹4361.32,Three,In stock
The Age of Genius: The Seventeenth Century and the Birth of the Modern Mind,₹2111.11,One,In stock
The Activist's Tao Te Ching: Ancient Advice for a Modern Revolution,₹3449.6800000000003,Five,In stock
Spark Joy: An Illustrated Master Class on the Art of Organizing and Tidying Up,₹4475.8099999999995,Four,In stock
Soul Reader,₹4235.0599999999995,Two,In stock
Security,₹4199.75,Two,In stock
"Saga, Volume 6 (Saga (Collected Editions) #6)",₹2677.14,Three,In stock
"Saga, Volume 5 (Saga (Collected Editions) #5)",₹5461.28,Two,In stock
Reskilling America: Learning to Labor in the Twenty-First Century,₹2121.81,Two,In stock
"Rat Queens, Vol. 3: Demons (Rat Queens (Collected Editions) #11-15)",₹5392.8,Three,In stock
"Princess Jellyfish 2-in-1 Omnibus, Vol. 01 (Princess Jellyfish 2-in-1 Omnibus #1)",₹1456.27,Five,In stock
Princess Between Worlds (Wide-Awake Princess #5),₹1427.3799999999999,Five,In stock
"Pop Gun War, Volume 1: Gift",₹2029.79,One,In stock
"Political Suicide: Missteps, Peccadilloes, Bad Calls, Backroom Hijinx, Sordid Pasts, Rotten Breaks, and Just Plain Dumb Mistakes in the Annals of American Politics",₹3881.96,Two,In stock
Patience,₹1087.1200000000001,Three,In stock
"Outcast, Vol. 1: A Darkness Surrounds Him (Outcast #1)",₹1652.08,Four,In stock
orange: The Complete Collection 1 (orange: The Complete Collection #1),₹5179.87,One,In stock
Online Marketing for Busy Authors: A Step-By-Step Guide,₹4959.45,One,In stock
On a Midnight Clear,₹1505.49,Three,In stock
Obsidian (Lux #1),₹1590.02,Two,In stock
My Paris Kitchen: Recipes and Stories,₹3570.5899999999997,Two,In stock
Masks and Shadows,₹6034.8,Two,In stock
"Mama Tried: Traditional Italian Cooking for the Screwed, Crude, Vegan, and Tattooed",₹1500.1399999999999,Four,In stock
"Lumberjanes, Vol. 2: Friendship to the Max (Lumberjanes #5-8)",₹5019.37,Two,In stock
"Lumberjanes, Vol. 1: Beware the Kitten Holy (Lumberjanes #1-4)",₹4880.2699999999995,Three,In stock
Lumberjanes Vol. 3: A Terrible Plan (Lumberjanes #9-12),₹2131.44,Two,In stock
"Layered: Baking, Building, and Styling Spectacular Cakes",₹4291.7699999999995,One,In stock
Judo: Seven Steps to Black Belt (an Introductory Guide for Beginners),₹5767.3,Two,In stock
Join,₹3816.69,Five,In stock
In the Country We Love: My Family Divided,₹2354.0,Four,In stock
Immunity: How Elie Metchnikoff Changed the Course of Modern Medicine,₹6137.5199999999995,Five,In stock
"I Hate Fairyland, Vol. 1: Madly Ever After (I Hate Fairyland (Compilations) #1-5)",₹3121.19,Two,In stock
I am a Hero Omnibus Volume 1,₹5845.41,Three,In stock
How to Be Miserable: 40 Strategies You Already Use,₹4925.21,One,In stock
Her Backup Boyfriend (The Sorensen Family #1),₹3634.79,One,In stock
"Giant Days, Vol. 2 (Giant Days #5-8)",₹2365.77,Two,In stock
Forever and Forever: The Courtship of Henry Longfellow and Fanny Appleton,₹3176.83,Three,In stock
First and First (Five Boroughs #3),₹1708.79,Four,In stock
Fifty Shades Darker (Fifty Shades #2),₹2349.7200000000003,One,In stock
Everydata: The Misinformation Hidden in the Little Data You Consume Every Day,₹5815.45,Two,In stock
"Don't Be a Jerk: And Other Practical Advice from Dogen, Japan's Greatest Zen Master",₹4062.79,Two,In stock
Danganronpa Volume 1,₹5562.93,Four,In stock
Crown of Midnight (Throne of Glass #2),₹4632.03,Three,In stock
"Codename Baboushka, Volume 1: The Conclave of Death",₹3929.04,Four,In stock
Camp Midnight,₹1827.5599999999997,Four,In stock
Call the Nurse: True Stories of a Country Nurse on a Scottish Isle,₹3117.98,Five,In stock
Burning,₹3082.67,Three,In stock
Bossypants,₹5292.22,Two,In stock
"Bitch Planet, Vol. 1: Extraordinary Machine (Bitch Planet (Collected Editions))",₹4057.44,Two,In stock
"Avatar: The Last Airbender: Smoke and Shadow, Part 3 (Smoke and Shadow #3)",₹3005.63,Two,In stock
Algorithms to Live By: The Computer Science of Human Decisions,₹3296.67,One,In stock
A World of Flavor: Your Gluten Free Passport,₹4595.650000000001,One,In stock
"A Piece of Sky, a Grain of Rice: A Memoir in Four Meditations",₹6073.32,Five,In stock
A Murder in Time,₹1780.48,One,In stock
A Flight of Arrows (The Pathfinders #2),₹5941.71,Five,In stock
A Fierce and Subtle Poison,₹3009.91,Four,In stock
A Court of Thorns and Roses (A Court of Thorns and Roses #1),₹5603.59,One,In stock
(Un)Qualified: How God Uses Broken People to Do Big Things,₹5778.0,Five,In stock
You Are What You Love: The Spiritual Power of Habit,₹2340.09,Four,In stock
"William Shakespeare's Star Wars: Verily, A New Hope (William Shakespeare's Star Wars #4)",₹4633.099999999999,Four,In stock
Tuesday Nights in 1980,₹2251.2799999999997,Two,In stock
Tracing Numbers on a Train,₹4451.2,Three,In stock
Throne of Glass (Throne of Glass #1),₹3752.4900000000002,Three,In stock
Thomas Jefferson and the Tripoli Pirates: The Forgotten War That Changed American History,₹6381.4800000000005,One,In stock
Thirteen Reasons Why,₹5641.04,One,In stock
The White Cat and the Monk: A Retelling of the Poem “Pangur Bán”,₹6214.5599999999995,Four,In stock
The Wedding Dress,₹2580.84,One,In stock
The Vacationers,₹4510.05,Four,In stock
The Third Wave: An Entrepreneur’s Vision of the Future,₹1349.27,Five,In stock
The Stranger,₹1866.0800000000002,Four,In stock
The Shadow Hero (The Shadow Hero),₹3545.98,One,In stock
The Secret (The Secret #1),₹2928.59,Four,In stock
The Regional Office Is Under Attack!,₹5495.5199999999995,Five,In stock
The Psychopath Test: A Journey Through the Madness Industry,₹3852.0,Two,In stock
The Project,₹1139.55,One,In stock
The Power of Now: A Guide to Spiritual Enlightenment,₹4658.78,Two,In stock
The Omnivore's Dilemma: A Natural History of Four Meals,₹4088.4700000000003,Two,In stock
The Nerdy Nummies Cookbook: Sweet Treats for the Geek in All of Us,₹3995.3800000000006,Five,In stock
The Murder of Roger Ackroyd (Hercule Poirot #4),₹4718.7,Four,In stock
The Mistake (Off-Campus #2),₹4632.03,Three,In stock
The Matchmaker's Playbook (Wingmen Inc. #1),₹5975.95,One,In stock
The Love and Lemons Cookbook: An Apple-to-Zucchini Celebration of Impromptu Cooking,₹4023.2000000000003,Two,In stock
The Long Shadow of Small Ghosts: Murder and Memory in an American City,₹1173.79,One,In stock
The Kite Runner,₹4474.74,Four,In stock
The House by the Lake,₹3953.65,One,In stock
The Glittering Court (The Glittering Court #1),₹4737.96,One,In stock
The Girl on the Train,₹5887.14,Two,In stock
The Genius of Birds,₹1844.6799999999998,One,In stock
The Emerald Mystery,₹2477.0499999999997,Two,In stock
The Cookies & Cups Cookbook: 125+ sweet & savory recipes reminding you to Always Eat Dessert First,₹4413.75,One,In stock
The Bridge to Consciousness: I'm Writing the Bridge Between Science and Our Old and New Beliefs.,₹3424.0,Three,In stock
The Artist's Way: A Spiritual Path to Higher Creativity,₹4118.43,Five,In stock
The Art of War,₹3567.3800000000006,Five,In stock
The Argonauts,₹1169.51,Two,In stock
The 10% Entrepreneur: Live Your Startup Dream Without Quitting Your Day Job,₹2947.85,Three,In stock
Suddenly in Love (Lake Haven #1),₹5990.93,Two,In stock
Something More Than This,₹1737.6799999999998,Four,In stock
Soft Apocalypse,₹2794.84,Two,In stock
So You've Been Publicly Shamed,₹1308.6100000000001,Two,In stock
Shoe Dog: A Memoir by the Creator of NIKE,₹2566.93,Two,In stock
"Shobu Samurai, Project Aryoku (#3)",₹3109.42,Three,In stock
Secrets and Lace (Fatal Hearts #1),₹2168.89,One,In stock
Scarlett Epstein Hates It Here,₹4659.849999999999,Five,In stock
Romero and Juliet: A Tragic Tale of Love and Zombies,₹3952.58,One,In stock
Redeeming Love,₹2190.29,Five,In stock
Poses for Artists Volume 1 - Dynamic and Sitting Poses: An Essential Reference for Figure Drawing and the Human Form,₹4393.42,One,In stock
Poems That Make Grown Women Cry,₹1518.33,Four,In stock
"Nightingale, Sing",₹4095.96,One,In stock
Night Sky with Exit Wounds,₹4392.349999999999,One,In stock
Mrs. Houdini,₹3236.75,Five,In stock
Modern Romance,₹3023.82,Five,In stock
Miss Peregrine’s Home for Peculiar Children (Miss Peregrine’s Peculiar Children #1),₹1151.32,One,In stock
Louisa: The Extraordinary Life of Mrs. Adams,₹1802.95,Two,In stock
Little Red,₹1441.29,Three,In stock
Library of Souls (Miss Peregrine’s Peculiar Children #3),₹5195.92,Five,In stock
Large Print Heart of the Pride,₹2049.0499999999997,Two,In stock
I Had a Nice Time And Other Lies...: How to find love & sh*t like that,₹6137.5199999999995,Four,In stock
Hollow City (Miss Peregrine’s Peculiar Children #2),₹4598.86,One,In stock
Grumbles,₹2371.12,Two,In stock
Full Moon over Noah’s Ark: An Odyssey to Mount Ararat and Beyond,₹5289.01,Four,In stock
Frostbite (Vampire Academy #2),₹3208.93,Five,In stock
Follow You Home,₹2285.52,One,In stock
First Steps for New Christians (Print Edition),₹3103.0,One,In stock
Finders Keepers (Bill Hodges Trilogy #2),₹5727.71,Five,In stock
"Fables, Vol. 1: Legends in Exile (Fables #1)",₹4453.34,Four,In stock
Eureka Trivia 6.0,₹5841.13,Four,In stock
Drive: The Surprising Truth About What Motivates Us,₹3739.65,Four,In stock
Done Rubbed Out (Reightman & Bailey #1),₹4036.04,Five,In stock
Doing It Over (Most Likely To #1),₹3810.27,Three,In stock
"Deliciously Ella Every Day: Quick and Easy Recipes for Gluten-Free Snacks, Packed Lunches, and Simple Meals",₹4511.12,Three,In stock
Dark Notes,₹2053.33,Five,In stock
"Daring Greatly: How the Courage to Be Vulnerable Transforms the Way We Live, Love, Parent, and Lead",₹2079.0099999999998,Three,In stock
Close to You,₹5292.22,Four,In stock
Chasing Heaven: What Dying Taught Me About Living,₹4044.6,Two,In stock
Big Magic: Creative Living Beyond Fear,₹3295.6,Three,In stock
Becoming Wise: An Inquiry into the Mystery and Art of Living,₹2935.0099999999998,Two,In stock
Beauty Restored (Riley Family Legacy Novellas #3),₹1188.77,Two,In stock
Batman: The Long Halloween (Batman),₹3905.5,Two,In stock
Batman: The Dark Knight Returns (Batman),₹1645.66,Five,In stock
Ayumi's Violin,₹1656.3600000000001,Two,In stock
Anonymous,₹5009.74,Four,In stock
Amy Meets the Saints and Sages,₹1975.22,Three,In stock
Amid the Chaos,₹3914.06,One,In stock
Amatus,₹5407.78,Five,In stock
Agnostic: A Spirited Manifesto,₹1338.57,Five,In stock
Zealot: The Life and Times of Jesus of Nazareth,₹2642.9,Three,In stock
You (You #1),₹4666.2699999999995,Five,In stock
"Wonder Woman: Earth One, Volume One (Wonder Woman: Earth One #1)",₹3995.3800000000006,Four,In stock
Wild Swans,₹1536.52,Two,In stock
Why the Right Went Wrong: Conservatism--From Goldwater to the Tea Party and Beyond,₹5633.55,Four,In stock
Whole Lotta Creativity Going On: 60 Fun and Unusual Exercises to Awaken and Strengthen Your Creativity,₹4087.4,Four,In stock
What's It Like in Space?: Stories from Astronauts Who've Been There,₹2097.2000000000003,Two,In stock
"We Are Robin, Vol. 1: The Vigilante Business (We Are Robin #1)",₹5767.3,One,In stock
Walt Disney's Alice in Wonderland,₹1386.72,Five,In stock
V for Vendetta (V for Vendetta Complete),₹3969.7000000000003,Four,In stock
Until Friday Night (The Field Party #1),₹4955.17,Two,In stock
"Unbroken: A World War II Story of Survival, Resilience, and Redemption",₹4916.650000000001,Two,In stock
Twenty Yawns,₹2362.56,Two,In stock
Through the Woods,₹2715.66,Two,In stock
This Is Where It Ends,₹2901.84,Two,In stock
The Year of Magical Thinking,₹4605.28,Two,In stock
The Wright Brothers,₹6077.599999999999,Four,In stock
The White Queen (The Cousins' War #1),₹2772.37,Five,In stock
The Wedding Pact (The O'Malleys #2),₹3489.27,Three,In stock
The Time Keeper,₹2983.16,Five,In stock
The Testament of Mary,₹5635.6900000000005,Four,In stock
The Star-Touched Queen,₹4924.14,Five,In stock
The Songs of the Gods,₹4759.36,Five,In stock
The Song of Achilles,₹4001.7999999999997,Five,In stock
The Rosie Project (Don Tillman #1),₹5782.28,One,In stock
The Power of Habit: Why We Do What We Do in Life and Business,₹1806.1599999999999,Three,In stock
The Marriage of Opposites,₹3004.56,Four,In stock
The Lucifer Effect: Understanding How Good People Turn Evil,₹1112.8,One,In stock
The Long Haul (Diary of a Wimpy Kid #9),₹4715.49,One,In stock
The Loney,₹2503.7999999999997,One,In stock
The Literature Book (Big Ideas Simply Explained),₹1865.01,Three,In stock
The Last Mile (Amos Decker #2),₹5800.47,Two,In stock
The Immortal Life of Henrietta Lacks,₹4351.6900000000005,Two,In stock
The Hidden Oracle (The Trials of Apollo #1),₹5591.82,Two,In stock
The Help Yourself Cookbook for Kids: 60 Easy Plant-Based Recipes Kids Can Make to Stay Healthy and Save the Earth,₹3078.39,Three,In stock
The Guilty (Will Robie #4),₹1478.74,Two,In stock
The First Hostage (J.B. Collins #2),₹2765.9500000000003,Three,In stock
The Dovekeepers,₹5219.46,One,In stock
The Darkest Lie,₹3782.4500000000003,Five,In stock
The Bane Chronicles (The Bane Chronicles #1-11),₹4786.11,Four,In stock
The Bad-Ass Librarians of Timbuktu: And Their Race to Save the World’s Most Precious Manuscripts,₹1687.3899999999999,One,In stock
The 14th Colony (Cotton Malone #11),₹4198.68,One,In stock
That Darkness (Gardiner and Renner #1),₹1489.44,One,In stock
Tastes Like Fear (DI Marnie Rome #3),₹1143.83,One,In stock
Take Me with You,₹4837.47,Three,In stock
Swell: A Year of Waves,₹4877.0599999999995,One,In stock
Superman Vol. 1: Before Truth (Superman by Gene Luen Yang #1),₹1272.23,Five,In stock
Still Life with Bread Crumbs,₹2825.87,Three,In stock
Steve Jobs,₹4226.5,Five,In stock
Sorting the Beef from the Bull: The Science of Food Fraud Forensics,₹4787.18,Four,In stock
Someone Like You (The Harrisons #2),₹5648.53,Five,In stock
"So Cute It Hurts!!, Vol. 6 (So Cute It Hurts!! #6)",₹3791.0099999999998,Four,In stock
Shtum,₹5974.88,Four,In stock
See America: A Celebration of Our National Parks & Treasured Sites,₹5229.09,Three,In stock
salt.,₹5005.46,Four,In stock
Robin War,₹5116.74,Three,In stock
"Red Hood/Arsenal, Vol. 1: Open for Business (Red Hood/Arsenal #1)",₹2726.36,Two,In stock
Rain Fish,₹2521.9900000000002,Three,In stock
"Quarter Life Poetry: Poems for the Young, Broke and Hangry",₹5445.2300000000005,Five,In stock
Pet Sematary,₹1129.92,Three,In stock
"Overload: How to Unplug, Unwind, and Unleash Yourself from the Pressure of Stress",₹5580.05,Three,In stock
Once Was a Time,₹1955.96,Two,In stock
Old School (Diary of a Wimpy Kid #10),₹1265.81,Five,In stock
No Dream Is Too High: Life Lessons From a Man Who Walked on the Moon,₹2348.65,Two,In stock
"Naruto (3-in-1 Edition), Vol. 14: Includes Vols. 40, 41 & 42 (Naruto: Omnibus #14)",₹4107.7300000000005,Two,In stock
My Name Is Lucy Barton,₹4446.92,One,In stock
My Mrs. Brown,₹2619.36,Three,In stock
My Kind of Crazy,₹4318.5199999999995,One,In stock
Mr. Mercedes (Bill Hodges Trilogy #1),₹3092.2999999999997,One,In stock
More Than Music (Chasing the Dream #1),₹4024.27,Two,In stock
Made to Stick: Why Some Ideas Survive and Others Die,₹4156.95,Five,In stock
Luis Paints the World,₹5772.650000000001,Three,In stock
Luckiest Girl Alive,₹5331.8099999999995,Three,In stock
Lowriders to the Center of the Earth (Lowriders in Space #2),₹5511.57,Two,In stock
Love Is a Mix Tape (Music #1),₹1929.21,One,In stock
Looking for Lovely: Collecting the Moments that Matter,₹3117.98,Five,In stock
"Living Leadership by Insight: A Good Leader Achieves, a Great Leader Builds Monuments",₹5019.37,Four,In stock
Let It Out: A Journey Through Journaling,₹2866.5299999999997,Five,In stock
Lady Midnight (The Dark Artifices #1),₹1741.96,Five,In stock
"It's All Easy: Healthy, Delicious Weeknight Meals in under 30 Minutes",₹2091.85,One,In stock
Island of Dragons (Unwanteds #7),₹3172.5499999999997,One,In stock
I Know What I'm Doing -- and Other Lies I Tell Myself: Dispatches from a Life Under Construction,₹2779.86,Four,In stock
I Am Pilgrim (Pilgrim #1),₹1134.2,Four,In stock
"Hyperbole and a Half: Unfortunate Situations, Flawed Coping Mechanisms, Mayhem, and Other Things That Happened",₹1578.25,Five,In stock
"Hush, Hush (Hush, Hush #1)",₹5031.14,Three,In stock
Hold Your Breath (Search and Rescue #1),₹3083.7400000000002,One,In stock
Hamilton: The Revolution,₹6290.53,Three,In stock
Greek Mythic History,₹1094.6100000000001,Five,In stock
God: The Most Unpleasant Character in All Fiction,₹3213.21,Five,In stock
Glory over Everything: Beyond The Kitchen House,₹4904.88,Three,In stock
Feathers: Displays of Brilliant Plumage,₹5248.349999999999,Three,In stock
"Far & Away: Places on the Brink of Change: Seven Continents, Twenty-Five Years",₹1611.42,Four,In stock
Every Last Word,₹4972.29,Three,In stock
Eligible (The Austen Project #4),₹2898.63,Three,In stock
El Deafo,₹6165.34,Five,In stock
Eight Hundred Grapes,₹1539.73,Four,In stock
"Eaternity: More than 150 Deliciously Easy Vegan Recipes for a Long, Healthy, Satisfied, Joyful Life",₹5537.25,Five,In stock
"Eat Fat, Get Thin",₹5785.49,Two,In stock
Don't Get Caught,₹5922.45,One,In stock
Doctor Sleep (The Shining #2),₹4292.84,Two,In stock
Demigods & Magicians: Percy and Annabeth Meet the Kanes (Percy Jackson & Kane Chronicles Crossover #1-3),₹4013.5699999999997,Five,In stock
Dear Mr. Knightley,₹1199.47,Five,In stock
Daily Fantasy Sports,₹3914.06,One,In stock
Crazy Love: Overwhelmed by a Relentless God,₹5106.04,Two,In stock
Cometh the Hour (The Clifton Chronicles #6),₹2676.07,Three,In stock
Code Name Verity (Code Name Verity #1),₹2367.91,Four,In stock
Clockwork Angel (The Infernal Devices #1),₹4722.9800000000005,One,In stock
City of Glass (The Mortal Instruments #3),₹5994.14,Four,In stock
City of Fallen Angels (The Mortal Instruments #4),₹1201.6100000000001,Four,In stock
City of Bones (The Mortal Instruments #1),₹4630.96,One,In stock
City of Ashes (The Mortal Instruments #2),₹5057.89,One,In stock
Cell,₹2171.0299999999997,Four,In stock
Catching Jordan (Hundred Oaks),₹5438.8099999999995,Three,In stock
"Carry On, Warrior: Thoughts on Life Unarmed",₹3407.9500000000003,Three,In stock
Carrie,₹4946.61,Two,In stock
Buying In: The Secret Dialogue Between What We Buy and Who We Are,₹4044.6,Four,In stock
Brain on Fire: My Month of Madness,₹5277.24,Five,In stock
Batman: Europa,₹3425.0699999999997,Two,In stock
Barefoot Contessa Back to Basics,₹2997.07,One,In stock
Barefoot Contessa at Home: Everyday Recipes You'll Make Over and Over Again,₹5416.34,Five,In stock
Balloon Animals,₹1822.21,Three,In stock
Art Ops Vol. 1,₹5221.599999999999,Three,In stock
Aristotle and Dante Discover the Secrets of the Universe (Aristotle and Dante Discover the Secrets of the Universe #1),₹6220.9800000000005,Four,In stock
Angels Walking (Angels Walking #1),₹3659.4,Two,In stock
Angels & Demons (Robert Langdon #1),₹5508.36,Three,In stock
All the Light We Cannot See,₹3196.09,Five,In stock
"Adulthood Is a Myth: A ""Sarah's Scribbles"" Collection",₹1166.3,Two,In stock
Abstract City,₹6031.59,Five,In stock
A Time of Torment (Charlie Parker #14),₹5173.45,Five,In stock
A Study in Scarlet (Sherlock Holmes #1),₹1790.1100000000001,Two,In stock
"A Series of Catastrophes and Miracles: A True Story of Love, Science, and Cancer",₹6043.36,Two,In stock
A People's History of the United States,₹4364.53,Two,In stock
A Man Called Ove,₹4250.04,One,In stock
A Distant Mirror: The Calamitous 14th Century,₹1560.06,Three,In stock
A Brush of Wings (Angels Walking #3),₹5939.57,One,In stock
1491: New Revelations of the Americas Before Columbus,₹2332.6,Three,In stock
"The Three Searches, Meaning, and the Story",₹1426.31,Three,In stock
Searching for Meaning in Gailana,₹4144.11,One,In stock
Rook,₹4051.02,Four,In stock
My Kitchen Year: 136 Recipes That Saved My Life,₹1233.71,Two,In stock
13 Hours: The Inside Account of What Really Happened In Benghazi,₹2895.42,One,In stock
Will You Won't You Want Me?,₹1483.02,Three,In stock
Tipping Point for Planet Earth: How Close Are We to the Edge?,₹4017.85,One,In stock
The Star-Touched Queen,₹3456.1,Five,In stock
The Silent Sister (Riley MacPherson #1),₹4953.03,Five,In stock
The Midnight Watch: A Novel of the Titanic and the Californian,₹2803.4,One,In stock
The Lonely City: Adventures in the Art of Being Alone,₹3558.8199999999997,Two,In stock
The Gray Rhino: How to Recognize and Act on the Obvious Dangers We Ignore,₹6329.05,Four,In stock
The Golden Condom: And Other Essays on Love Lost and Found,₹4219.01,One,In stock
The Epidemic (The Program 0.6),₹1545.08,Five,In stock
The Dinner Party,₹6049.78,Two,In stock
The Diary of a Young Girl,₹6409.3,Three,In stock
The Children,₹1271.16,Three,In stock
Stars Above (The Lunar Chronicles #4.5),₹5141.349999999999,Two,In stock
Snatched: How A Drug Queen Went Undercover for the DEA and Was Kidnapped By Colombian Guerillas,₹2269.4700000000003,Three,In stock
Raspberry Pi Electronics Projects for the Evil Genius,₹5314.6900000000005,Four,In stock
Quench Your Own Thirst: Business Lessons Learned Over a Beer or Two,₹4615.9800000000005,One,In stock
Psycho: Sanitarium (Psycho #1.5),₹3955.79,Five,In stock
Poisonous (Max Revere Novels #3),₹2867.6,Three,In stock
One with You (Crossfire #5),₹1680.97,Four,In stock
No Love Allowed (Dodge Cove #1),₹5847.55,Four,In stock
Murder at the 42nd Street Library (Raymond Ambler #1),₹5816.5199999999995,Four,In stock
Most Wanted,₹3774.96,Three,In stock
"Love, Lies and Spies",₹2198.85,Two,In stock
How to Speak Golf: An Illustrated Guide to Links Lingo,₹6240.24,Five,In stock
Hide Away (Eve Duncan #20),₹1266.8799999999999,One,In stock
Furiously Happy: A Funny Book About Horrible Things,₹4436.22,Four,In stock
Everyday Italian: 125 Simple and Delicious Recipes,₹2150.7000000000003,Five,In stock
Equal Is Unfair: America's Misguided Fight Against Income Inequality,₹6084.0199999999995,One,In stock
Eleanor & Park,₹6046.57,Five,In stock
Dirty (Dive Bar #1),₹4368.8099999999995,Four,In stock
Can You Keep a Secret? (Fear Street Relaunch #4),₹5204.4800000000005,One,In stock
Boar Island (Anna Pigeon #19),₹6364.36,Three,In stock
A Paris Apartment,₹4174.07,Four,In stock
"A la Mode: 120 Recipes in 60 Pairings: Pies, Tarts, Cakes, Crisps, and More Topped with Ice Cream, Gelato, Frozen Custard, and More",₹4148.39,One,In stock
Troublemaker: Surviving Hollywood and Scientology,₹5177.7300000000005,Two,In stock
The Widow,₹2916.82,Two,In stock
"The Sleep Revolution: Transforming Your Life, One Night at a Time",₹1249.76,Four,In stock
The Improbability of Love,₹6361.150000000001,One,In stock
The Art of Startup Fundraising,₹2247.0,Three,In stock
Take Me Home Tonight (Rock Star Romance #3),₹5775.86,Three,In stock
Sleeping Giants (Themis Files #1),₹5215.18,One,In stock
"Setting the World on Fire: The Brief, Astonishing Life of St. Catherine of Siena",₹2263.0499999999997,Two,In stock
Playing with Fire,₹1466.97,Three,In stock
Off the Hook (Fishing for Trouble #1),₹5100.6900000000005,Three,In stock
Mothering Sunday,₹1427.3799999999999,Two,In stock
"Mother, Can You Not?",₹1807.23,Five,In stock
M Train,₹2908.2599999999998,One,In stock
Lilac Girls,₹1848.96,Two,In stock
Lies and Other Acts of Love,₹4829.9800000000005,One,In stock
Lab Girl,₹4370.95,One,In stock
Keep Me Posted,₹2189.2200000000003,Four,In stock
It Didn't Start with You: How Inherited Family Trauma Shapes Who We Are and How to End the Cycle,₹6020.89,Three,In stock
Grey (Fifty Shades #4),₹5188.43,Four,In stock
"Exit, Pursued by a Bear",₹5493.38,Four,In stock
Daredevils,₹1748.3799999999999,Three,In stock
Cravings: Recipes for What You Want to Eat,₹2193.5,Three,In stock
Born for This: How to Find the Work You Were Meant to Do,₹2310.13,Five,In stock
Arena,₹2285.52,Four,In stock
Adultery,₹2234.16,Five,In stock
A Mother's Reckoning: Living in the Aftermath of Tragedy,₹2089.71,Three,In stock
A Gentleman's Position (Society of Gentlemen #3),₹1578.25,Five,In stock
11/22/63,₹5187.36,Three,In stock
"10% Happier: How I Tamed the Voice in My Head, Reduced Stress Without Losing My Edge, and Found Self-Help That Actually Works",₹2628.9900000000002,Two,In stock
10-Day Green Smoothie Cleanse: Lose Up to 15 Pounds in 10 Days!,₹5318.97,Five,In stock
Without Shame,₹5164.89,Five,In stock
Watchmen,₹6211.349999999999,Four,In stock
Unlimited Intuition Now,₹6299.09,Four,In stock
Underlying Notes,₹1264.74,Two,In stock
The Shack,₹2999.21,One,In stock
The New Brand You: Your New Image Makes the Sale for You,₹4713.349999999999,Five,In stock
"The Moosewood Cookbook: Recipes from Moosewood Restaurant, Ithaca, New York",₹1320.3799999999999,Four,In stock
The Flowers Lied,₹1784.76,Two,In stock
"The Fabric of the Cosmos: Space, Time, and the Texture of Reality",₹5982.37,One,In stock
The Book of Mormon,₹2628.9900000000002,Three,In stock
The Art and Science of Low Carbohydrate Living,₹5668.86,Five,In stock
The Alien Club,₹5820.8,One,In stock
Suzie Snowflake: One beautiful flake (a self-esteem story),₹5864.67,Five,In stock
Nap-a-Roo,₹2683.56,One,In stock
"NaNo What Now? Finding your editing process, revising your NaNoWriMo book and building a writing career through publishing and beyond",₹1113.8700000000001,Four,In stock
Modern Day Fables,₹5076.08,Two,In stock
If I Gave You God's Phone Number....: Searching for Spirituality in America,₹2237.37,One,In stock
"Fruits Basket, Vol. 9 (Fruits Basket #9)",₹3632.65,Four,In stock
Dress Your Family in Corduroy and Denim,₹4673.76,Three,In stock
Don't Forget Steven,₹3555.6099999999997,One,In stock
Chernobyl 01:23:40: The Incredible True Story of the World's Worst Nuclear Disaster,₹3843.44,Two,In stock
Art and Fear: Observations on the Perils (and Rewards) of Artmaking,₹5203.41,Four,In stock
A Shard of Ice (The Black Symphony Saga #1),₹6059.41,Three,In stock
A Hero's Curse (The Unseen Chronicles #1),₹5402.43,Three,In stock
23 Degrees South: A Tropical Tale of Changing Whether...,₹3829.5299999999997,Two,In stock
"Zero to One: Notes on Startups, or How to Build the Future",₹3644.42,Three,In stock
Why Not Me?,₹1900.3200000000002,One,In stock
When Breath Becomes Air,₹4211.5199999999995,Two,In stock
Vagabonding: An Uncommon Guide to the Art of Long-Term World Travel,₹3952.58,Two,In stock
The Unlikely Pilgrimage of Harold Fry (Harold Fry #1),₹4667.34,Five,In stock
The New Drawing on the Right Side of the Brain,₹4603.14,Three,In stock
"The Midnight Assassin: Panic, Scandal, and the Hunt for America's First Serial Killer",₹3044.15,Four,In stock
The Martian (The Martian #1),₹4428.7300000000005,Two,In stock
The High Mountains of Portugal,₹5473.05,One,In stock
The Grownup,₹3839.1600000000003,One,In stock
The E-Myth Revisited: Why Most Small Businesses Don't Work and What to Do About It,₹3949.3699999999994,One,In stock
South of Sunshine,₹3095.5099999999998,One,In stock
Smarter Faster Better: The Secrets of Being Productive in Life and Business,₹4161.2300000000005,Five,In stock
